[
  {
    "name": "Process Start",
    "start": 1609404203441,
    "end": 1609404204538,
    "duration": 1097,
    "pid": 16516,
    "index": 0
  },
  {
    "name": "Application Start",
    "start": 1609404204539,
    "end": 1609404205215,
    "duration": 676,
    "pid": 16516,
    "index": 1
  },
  {
    "name": "Load Plugin",
    "start": 1609404204544,
    "end": 1609404204576,
    "duration": 32,
    "pid": 16516,
    "index": 2
  },
  {
    "name": "Load Config",
    "start": 1609404204576,
    "end": 1609404204606,
    "duration": 30,
    "pid": 16516,
    "index": 3
  },
  {
    "name": "Require(0) config/config.default.js",
    "start": 1609404204577,
    "end": 1609404204577,
    "duration": 0,
    "pid": 16516,
    "index": 4
  },
  {
    "name": "Require(1) node_modules/egg-session/config/config.default.js",
    "start": 1609404204579,
    "end": 1609404204579,
    "duration": 0,
    "pid": 16516,
    "index": 5
  },
  {
    "name": "Require(2) node_modules/egg-security/config/config.default.js",
    "start": 1609404204580,
    "end": 1609404204580,
    "duration": 0,
    "pid": 16516,
    "index": 6
  },
  {
    "name": "Require(3) node_modules/egg-jsonp/config/config.default.js",
    "start": 1609404204581,
    "end": 1609404204582,
    "duration": 1,
    "pid": 16516,
    "index": 7
  },
  {
    "name": "Require(4) node_modules/egg-onerror/config/config.default.js",
    "start": 1609404204582,
    "end": 1609404204583,
    "duration": 1,
    "pid": 16516,
    "index": 8
  },
  {
    "name": "Require(5) node_modules/egg-i18n/config/config.default.js",
    "start": 1609404204584,
    "end": 1609404204584,
    "duration": 0,
    "pid": 16516,
    "index": 9
  },
  {
    "name": "Require(6) node_modules/egg-watcher/config/config.default.js",
    "start": 1609404204585,
    "end": 1609404204586,
    "duration": 1,
    "pid": 16516,
    "index": 10
  },
  {
    "name": "Require(7) node_modules/egg-schedule/config/config.default.js",
    "start": 1609404204587,
    "end": 1609404204587,
    "duration": 0,
    "pid": 16516,
    "index": 11
  },
  {
    "name": "Require(8) node_modules/egg-multipart/config/config.default.js",
    "start": 1609404204588,
    "end": 1609404204589,
    "duration": 1,
    "pid": 16516,
    "index": 12
  },
  {
    "name": "Require(9) node_modules/egg-development/config/config.default.js",
    "start": 1609404204589,
    "end": 1609404204590,
    "duration": 1,
    "pid": 16516,
    "index": 13
  },
  {
    "name": "Require(10) node_modules/egg-logrotator/config/config.default.js",
    "start": 1609404204591,
    "end": 1609404204591,
    "duration": 0,
    "pid": 16516,
    "index": 14
  },
  {
    "name": "Require(11) node_modules/egg-static/config/config.default.js",
    "start": 1609404204592,
    "end": 1609404204592,
    "duration": 0,
    "pid": 16516,
    "index": 15
  },
  {
    "name": "Require(12) node_modules/egg-view/config/config.default.js",
    "start": 1609404204593,
    "end": 1609404204593,
    "duration": 0,
    "pid": 16516,
    "index": 16
  },
  {
    "name": "Require(13) node_modules/egg-mysql/config/config.default.js",
    "start": 1609404204594,
    "end": 1609404204595,
    "duration": 1,
    "pid": 16516,
    "index": 17
  },
  {
    "name": "Require(14) node_modules/egg-cors/config/config.default.js",
    "start": 1609404204595,
    "end": 1609404204596,
    "duration": 1,
    "pid": 16516,
    "index": 18
  },
  {
    "name": "Require(15) node_modules/egg-jwt/config/config.default.js",
    "start": 1609404204596,
    "end": 1609404204597,
    "duration": 1,
    "pid": 16516,
    "index": 19
  },
  {
    "name": "Require(16) node_modules/egg/config/config.default.js",
    "start": 1609404204597,
    "end": 1609404204598,
    "duration": 1,
    "pid": 16516,
    "index": 20
  },
  {
    "name": "Require(17) config/config.default.js",
    "start": 1609404204599,
    "end": 1609404204599,
    "duration": 0,
    "pid": 16516,
    "index": 21
  },
  {
    "name": "Require(18) node_modules/egg-security/config/config.local.js",
    "start": 1609404204599,
    "end": 1609404204600,
    "duration": 1,
    "pid": 16516,
    "index": 22
  },
  {
    "name": "Require(19) node_modules/egg-watcher/config/config.local.js",
    "start": 1609404204601,
    "end": 1609404204602,
    "duration": 1,
    "pid": 16516,
    "index": 23
  },
  {
    "name": "Require(20) node_modules/egg-view/config/config.local.js",
    "start": 1609404204604,
    "end": 1609404204604,
    "duration": 0,
    "pid": 16516,
    "index": 24
  },
  {
    "name": "Require(21) node_modules/egg/config/config.local.js",
    "start": 1609404204606,
    "end": 1609404204606,
    "duration": 0,
    "pid": 16516,
    "index": 25
  },
  {
    "name": "Load extend/application.js",
    "start": 1609404204607,
    "end": 1609404204688,
    "duration": 81,
    "pid": 16516,
    "index": 26
  },
  {
    "name": "Require(22) node_modules/egg-session/app/extend/application.js",
    "start": 1609404204608,
    "end": 1609404204608,
    "duration": 0,
    "pid": 16516,
    "index": 27
  },
  {
    "name": "Require(23) node_modules/egg-security/app/extend/application.js",
    "start": 1609404204609,
    "end": 1609404204610,
    "duration": 1,
    "pid": 16516,
    "index": 28
  },
  {
    "name": "Require(24) node_modules/egg-jsonp/app/extend/application.js",
    "start": 1609404204611,
    "end": 1609404204613,
    "duration": 2,
    "pid": 16516,
    "index": 29
  },
  {
    "name": "Require(25) node_modules/egg-logrotator/app/extend/application.js",
    "start": 1609404204615,
    "end": 1609404204623,
    "duration": 8,
    "pid": 16516,
    "index": 30
  },
  {
    "name": "Require(26) node_modules/egg-view/app/extend/application.js",
    "start": 1609404204624,
    "end": 1609404204627,
    "duration": 3,
    "pid": 16516,
    "index": 31
  },
  {
    "name": "Require(27) node_modules/egg-jwt/app/extend/application.js",
    "start": 1609404204628,
    "end": 1609404204681,
    "duration": 53,
    "pid": 16516,
    "index": 32
  },
  {
    "name": "Load extend/request.js",
    "start": 1609404204688,
    "end": 1609404204701,
    "duration": 13,
    "pid": 16516,
    "index": 33
  },
  {
    "name": "Require(28) node_modules/egg/app/extend/request.js",
    "start": 1609404204694,
    "end": 1609404204695,
    "duration": 1,
    "pid": 16516,
    "index": 34
  },
  {
    "name": "Load extend/response.js",
    "start": 1609404204701,
    "end": 1609404204718,
    "duration": 17,
    "pid": 16516,
    "index": 35
  },
  {
    "name": "Require(29) node_modules/egg/app/extend/response.js",
    "start": 1609404204706,
    "end": 1609404204709,
    "duration": 3,
    "pid": 16516,
    "index": 36
  },
  {
    "name": "Load extend/context.js",
    "start": 1609404204718,
    "end": 1609404204800,
    "duration": 82,
    "pid": 16516,
    "index": 37
  },
  {
    "name": "Require(30) node_modules/egg-security/app/extend/context.js",
    "start": 1609404204719,
    "end": 1609404204738,
    "duration": 19,
    "pid": 16516,
    "index": 38
  },
  {
    "name": "Require(31) node_modules/egg-jsonp/app/extend/context.js",
    "start": 1609404204738,
    "end": 1609404204740,
    "duration": 2,
    "pid": 16516,
    "index": 39
  },
  {
    "name": "Require(32) node_modules/egg-i18n/app/extend/context.js",
    "start": 1609404204741,
    "end": 1609404204741,
    "duration": 0,
    "pid": 16516,
    "index": 40
  },
  {
    "name": "Require(33) node_modules/egg-multipart/app/extend/context.js",
    "start": 1609404204743,
    "end": 1609404204788,
    "duration": 45,
    "pid": 16516,
    "index": 41
  },
  {
    "name": "Require(34) node_modules/egg-view/app/extend/context.js",
    "start": 1609404204790,
    "end": 1609404204791,
    "duration": 1,
    "pid": 16516,
    "index": 42
  },
  {
    "name": "Require(35) node_modules/egg/app/extend/context.js",
    "start": 1609404204793,
    "end": 1609404204794,
    "duration": 1,
    "pid": 16516,
    "index": 43
  },
  {
    "name": "Load extend/helper.js",
    "start": 1609404204800,
    "end": 1609404204829,
    "duration": 29,
    "pid": 16516,
    "index": 44
  },
  {
    "name": "Require(36) node_modules/egg-security/app/extend/helper.js",
    "start": 1609404204801,
    "end": 1609404204819,
    "duration": 18,
    "pid": 16516,
    "index": 45
  },
  {
    "name": "Require(37) node_modules/egg/app/extend/helper.js",
    "start": 1609404204823,
    "end": 1609404204824,
    "duration": 1,
    "pid": 16516,
    "index": 46
  },
  {
    "name": "Load app.js",
    "start": 1609404204830,
    "end": 1609404204883,
    "duration": 53,
    "pid": 16516,
    "index": 47
  },
  {
    "name": "Require(38) node_modules/egg-session/app.js",
    "start": 1609404204830,
    "end": 1609404204830,
    "duration": 0,
    "pid": 16516,
    "index": 48
  },
  {
    "name": "Require(39) node_modules/egg-security/app.js",
    "start": 1609404204831,
    "end": 1609404204832,
    "duration": 1,
    "pid": 16516,
    "index": 49
  },
  {
    "name": "Require(40) node_modules/egg-onerror/app.js",
    "start": 1609404204833,
    "end": 1609404204844,
    "duration": 11,
    "pid": 16516,
    "index": 50
  },
  {
    "name": "Require(41) node_modules/egg-i18n/app.js",
    "start": 1609404204844,
    "end": 1609404204855,
    "duration": 11,
    "pid": 16516,
    "index": 51
  },
  {
    "name": "Require(42) node_modules/egg-watcher/app.js",
    "start": 1609404204856,
    "end": 1609404204860,
    "duration": 4,
    "pid": 16516,
    "index": 52
  },
  {
    "name": "Require(43) node_modules/egg-schedule/app.js",
    "start": 1609404204860,
    "end": 1609404204862,
    "duration": 2,
    "pid": 16516,
    "index": 53
  },
  {
    "name": "Require(44) node_modules/egg-multipart/app.js",
    "start": 1609404204862,
    "end": 1609404204863,
    "duration": 1,
    "pid": 16516,
    "index": 54
  },
  {
    "name": "Require(45) node_modules/egg-development/app.js",
    "start": 1609404204863,
    "end": 1609404204863,
    "duration": 0,
    "pid": 16516,
    "index": 55
  },
  {
    "name": "Require(46) node_modules/egg-logrotator/app.js",
    "start": 1609404204864,
    "end": 1609404204864,
    "duration": 0,
    "pid": 16516,
    "index": 56
  },
  {
    "name": "Require(47) node_modules/egg-static/app.js",
    "start": 1609404204865,
    "end": 1609404204865,
    "duration": 0,
    "pid": 16516,
    "index": 57
  },
  {
    "name": "Require(48) node_modules/egg-mysql/app.js",
    "start": 1609404204866,
    "end": 1609404204880,
    "duration": 14,
    "pid": 16516,
    "index": 58
  },
  {
    "name": "Require(49) node_modules/egg-cors/app.js",
    "start": 1609404204880,
    "end": 1609404204880,
    "duration": 0,
    "pid": 16516,
    "index": 59
  },
  {
    "name": "Require(50) node_modules/egg-jwt/app.js",
    "start": 1609404204881,
    "end": 1609404204881,
    "duration": 0,
    "pid": 16516,
    "index": 60
  },
  {
    "name": "Before Start in node_modules/egg-watcher/lib/init.js:15:14",
    "start": 1609404204893,
    "end": 1609404205214,
    "duration": 321,
    "pid": 16516,
    "index": 61
  },
  {
    "name": "Before Start in node_modules/egg-mysql/lib/mysql.js:20:7",
    "start": 1609404204985,
    "end": 1609404205215,
    "duration": 230,
    "pid": 16516,
    "index": 62
  },
  {
    "name": "Load Service",
    "start": 1609404204985,
    "end": 1609404204994,
    "duration": 9,
    "pid": 16516,
    "index": 63
  },
  {
    "name": "Load \"service\" to Context",
    "start": 1609404204985,
    "end": 1609404204994,
    "duration": 9,
    "pid": 16516,
    "index": 64
  },
  {
    "name": "Load Middleware",
    "start": 1609404204994,
    "end": 1609404205133,
    "duration": 139,
    "pid": 16516,
    "index": 65
  },
  {
    "name": "Load \"middlewares\" to Application",
    "start": 1609404204994,
    "end": 1609404205122,
    "duration": 128,
    "pid": 16516,
    "index": 66
  },
  {
    "name": "Load Controller",
    "start": 1609404205133,
    "end": 1609404205189,
    "duration": 56,
    "pid": 16516,
    "index": 67
  },
  {
    "name": "Load \"controller\" to Application",
    "start": 1609404205133,
    "end": 1609404205189,
    "duration": 56,
    "pid": 16516,
    "index": 68
  },
  {
    "name": "Load Router",
    "start": 1609404205189,
    "end": 1609404205194,
    "duration": 5,
    "pid": 16516,
    "index": 69
  },
  {
    "name": "Require(51) app/router.js",
    "start": 1609404205190,
    "end": 1609404205190,
    "duration": 0,
    "pid": 16516,
    "index": 70
  },
  {
    "name": "Before Start in node_modules/egg-core/lib/egg.js:303:10",
    "start": 1609404205191,
    "end": 1609404205206,
    "duration": 15,
    "pid": 16516,
    "index": 71
  }
]