[
  {
    "name": "Process Start",
    "start": 1609402492336,
    "end": 1609402493408,
    "duration": 1072,
    "pid": 18824,
    "index": 0
  },
  {
    "name": "Application Start",
    "start": 1609402493409,
    "end": 1609402494281,
    "duration": 872,
    "pid": 18824,
    "index": 1
  },
  {
    "name": "Load Plugin",
    "start": 1609402493414,
    "end": 1609402493444,
    "duration": 30,
    "pid": 18824,
    "index": 2
  },
  {
    "name": "Load Config",
    "start": 1609402493444,
    "end": 1609402493472,
    "duration": 28,
    "pid": 18824,
    "index": 3
  },
  {
    "name": "Require(0) config/config.default.js",
    "start": 1609402493445,
    "end": 1609402493445,
    "duration": 0,
    "pid": 18824,
    "index": 4
  },
  {
    "name": "Require(1) node_modules/egg-session/config/config.default.js",
    "start": 1609402493447,
    "end": 1609402493447,
    "duration": 0,
    "pid": 18824,
    "index": 5
  },
  {
    "name": "Require(2) node_modules/egg-security/config/config.default.js",
    "start": 1609402493448,
    "end": 1609402493449,
    "duration": 1,
    "pid": 18824,
    "index": 6
  },
  {
    "name": "Require(3) node_modules/egg-jsonp/config/config.default.js",
    "start": 1609402493449,
    "end": 1609402493450,
    "duration": 1,
    "pid": 18824,
    "index": 7
  },
  {
    "name": "Require(4) node_modules/egg-onerror/config/config.default.js",
    "start": 1609402493450,
    "end": 1609402493451,
    "duration": 1,
    "pid": 18824,
    "index": 8
  },
  {
    "name": "Require(5) node_modules/egg-i18n/config/config.default.js",
    "start": 1609402493452,
    "end": 1609402493452,
    "duration": 0,
    "pid": 18824,
    "index": 9
  },
  {
    "name": "Require(6) node_modules/egg-watcher/config/config.default.js",
    "start": 1609402493453,
    "end": 1609402493453,
    "duration": 0,
    "pid": 18824,
    "index": 10
  },
  {
    "name": "Require(7) node_modules/egg-schedule/config/config.default.js",
    "start": 1609402493454,
    "end": 1609402493454,
    "duration": 0,
    "pid": 18824,
    "index": 11
  },
  {
    "name": "Require(8) node_modules/egg-multipart/config/config.default.js",
    "start": 1609402493455,
    "end": 1609402493455,
    "duration": 0,
    "pid": 18824,
    "index": 12
  },
  {
    "name": "Require(9) node_modules/egg-development/config/config.default.js",
    "start": 1609402493456,
    "end": 1609402493457,
    "duration": 1,
    "pid": 18824,
    "index": 13
  },
  {
    "name": "Require(10) node_modules/egg-logrotator/config/config.default.js",
    "start": 1609402493457,
    "end": 1609402493458,
    "duration": 1,
    "pid": 18824,
    "index": 14
  },
  {
    "name": "Require(11) node_modules/egg-static/config/config.default.js",
    "start": 1609402493458,
    "end": 1609402493459,
    "duration": 1,
    "pid": 18824,
    "index": 15
  },
  {
    "name": "Require(12) node_modules/egg-view/config/config.default.js",
    "start": 1609402493459,
    "end": 1609402493460,
    "duration": 1,
    "pid": 18824,
    "index": 16
  },
  {
    "name": "Require(13) node_modules/egg-mysql/config/config.default.js",
    "start": 1609402493460,
    "end": 1609402493461,
    "duration": 1,
    "pid": 18824,
    "index": 17
  },
  {
    "name": "Require(14) node_modules/egg-cors/config/config.default.js",
    "start": 1609402493461,
    "end": 1609402493462,
    "duration": 1,
    "pid": 18824,
    "index": 18
  },
  {
    "name": "Require(15) node_modules/egg-jwt/config/config.default.js",
    "start": 1609402493462,
    "end": 1609402493463,
    "duration": 1,
    "pid": 18824,
    "index": 19
  },
  {
    "name": "Require(16) node_modules/egg/config/config.default.js",
    "start": 1609402493463,
    "end": 1609402493464,
    "duration": 1,
    "pid": 18824,
    "index": 20
  },
  {
    "name": "Require(17) config/config.default.js",
    "start": 1609402493464,
    "end": 1609402493464,
    "duration": 0,
    "pid": 18824,
    "index": 21
  },
  {
    "name": "Require(18) node_modules/egg-security/config/config.local.js",
    "start": 1609402493465,
    "end": 1609402493466,
    "duration": 1,
    "pid": 18824,
    "index": 22
  },
  {
    "name": "Require(19) node_modules/egg-watcher/config/config.local.js",
    "start": 1609402493467,
    "end": 1609402493467,
    "duration": 0,
    "pid": 18824,
    "index": 23
  },
  {
    "name": "Require(20) node_modules/egg-view/config/config.local.js",
    "start": 1609402493470,
    "end": 1609402493470,
    "duration": 0,
    "pid": 18824,
    "index": 24
  },
  {
    "name": "Require(21) node_modules/egg/config/config.local.js",
    "start": 1609402493471,
    "end": 1609402493472,
    "duration": 1,
    "pid": 18824,
    "index": 25
  },
  {
    "name": "Load extend/application.js",
    "start": 1609402493473,
    "end": 1609402493575,
    "duration": 102,
    "pid": 18824,
    "index": 26
  },
  {
    "name": "Require(22) node_modules/egg-session/app/extend/application.js",
    "start": 1609402493473,
    "end": 1609402493477,
    "duration": 4,
    "pid": 18824,
    "index": 27
  },
  {
    "name": "Require(23) node_modules/egg-security/app/extend/application.js",
    "start": 1609402493480,
    "end": 1609402493483,
    "duration": 3,
    "pid": 18824,
    "index": 28
  },
  {
    "name": "Require(24) node_modules/egg-jsonp/app/extend/application.js",
    "start": 1609402493484,
    "end": 1609402493486,
    "duration": 2,
    "pid": 18824,
    "index": 29
  },
  {
    "name": "Require(25) node_modules/egg-logrotator/app/extend/application.js",
    "start": 1609402493489,
    "end": 1609402493498,
    "duration": 9,
    "pid": 18824,
    "index": 30
  },
  {
    "name": "Require(26) node_modules/egg-view/app/extend/application.js",
    "start": 1609402493499,
    "end": 1609402493501,
    "duration": 2,
    "pid": 18824,
    "index": 31
  },
  {
    "name": "Require(27) node_modules/egg-jwt/app/extend/application.js",
    "start": 1609402493503,
    "end": 1609402493568,
    "duration": 65,
    "pid": 18824,
    "index": 32
  },
  {
    "name": "Load extend/request.js",
    "start": 1609402493575,
    "end": 1609402493589,
    "duration": 14,
    "pid": 18824,
    "index": 33
  },
  {
    "name": "Require(28) node_modules/egg/app/extend/request.js",
    "start": 1609402493581,
    "end": 1609402493583,
    "duration": 2,
    "pid": 18824,
    "index": 34
  },
  {
    "name": "Load extend/response.js",
    "start": 1609402493589,
    "end": 1609402493606,
    "duration": 17,
    "pid": 18824,
    "index": 35
  },
  {
    "name": "Require(29) node_modules/egg/app/extend/response.js",
    "start": 1609402493595,
    "end": 1609402493599,
    "duration": 4,
    "pid": 18824,
    "index": 36
  },
  {
    "name": "Load extend/context.js",
    "start": 1609402493606,
    "end": 1609402493686,
    "duration": 80,
    "pid": 18824,
    "index": 37
  },
  {
    "name": "Require(30) node_modules/egg-security/app/extend/context.js",
    "start": 1609402493607,
    "end": 1609402493626,
    "duration": 19,
    "pid": 18824,
    "index": 38
  },
  {
    "name": "Require(31) node_modules/egg-jsonp/app/extend/context.js",
    "start": 1609402493626,
    "end": 1609402493628,
    "duration": 2,
    "pid": 18824,
    "index": 39
  },
  {
    "name": "Require(32) node_modules/egg-i18n/app/extend/context.js",
    "start": 1609402493629,
    "end": 1609402493629,
    "duration": 0,
    "pid": 18824,
    "index": 40
  },
  {
    "name": "Require(33) node_modules/egg-multipart/app/extend/context.js",
    "start": 1609402493630,
    "end": 1609402493675,
    "duration": 45,
    "pid": 18824,
    "index": 41
  },
  {
    "name": "Require(34) node_modules/egg-view/app/extend/context.js",
    "start": 1609402493676,
    "end": 1609402493677,
    "duration": 1,
    "pid": 18824,
    "index": 42
  },
  {
    "name": "Require(35) node_modules/egg/app/extend/context.js",
    "start": 1609402493679,
    "end": 1609402493680,
    "duration": 1,
    "pid": 18824,
    "index": 43
  },
  {
    "name": "Load extend/helper.js",
    "start": 1609402493686,
    "end": 1609402493723,
    "duration": 37,
    "pid": 18824,
    "index": 44
  },
  {
    "name": "Require(36) node_modules/egg-security/app/extend/helper.js",
    "start": 1609402493687,
    "end": 1609402493712,
    "duration": 25,
    "pid": 18824,
    "index": 45
  },
  {
    "name": "Require(37) node_modules/egg/app/extend/helper.js",
    "start": 1609402493717,
    "end": 1609402493717,
    "duration": 0,
    "pid": 18824,
    "index": 46
  },
  {
    "name": "Load app.js",
    "start": 1609402493724,
    "end": 1609402493782,
    "duration": 58,
    "pid": 18824,
    "index": 47
  },
  {
    "name": "Require(38) node_modules/egg-session/app.js",
    "start": 1609402493724,
    "end": 1609402493724,
    "duration": 0,
    "pid": 18824,
    "index": 48
  },
  {
    "name": "Require(39) node_modules/egg-security/app.js",
    "start": 1609402493725,
    "end": 1609402493727,
    "duration": 2,
    "pid": 18824,
    "index": 49
  },
  {
    "name": "Require(40) node_modules/egg-onerror/app.js",
    "start": 1609402493728,
    "end": 1609402493741,
    "duration": 13,
    "pid": 18824,
    "index": 50
  },
  {
    "name": "Require(41) node_modules/egg-i18n/app.js",
    "start": 1609402493741,
    "end": 1609402493753,
    "duration": 12,
    "pid": 18824,
    "index": 51
  },
  {
    "name": "Require(42) node_modules/egg-watcher/app.js",
    "start": 1609402493754,
    "end": 1609402493758,
    "duration": 4,
    "pid": 18824,
    "index": 52
  },
  {
    "name": "Require(43) node_modules/egg-schedule/app.js",
    "start": 1609402493758,
    "end": 1609402493760,
    "duration": 2,
    "pid": 18824,
    "index": 53
  },
  {
    "name": "Require(44) node_modules/egg-multipart/app.js",
    "start": 1609402493761,
    "end": 1609402493761,
    "duration": 0,
    "pid": 18824,
    "index": 54
  },
  {
    "name": "Require(45) node_modules/egg-development/app.js",
    "start": 1609402493762,
    "end": 1609402493762,
    "duration": 0,
    "pid": 18824,
    "index": 55
  },
  {
    "name": "Require(46) node_modules/egg-logrotator/app.js",
    "start": 1609402493762,
    "end": 1609402493763,
    "duration": 1,
    "pid": 18824,
    "index": 56
  },
  {
    "name": "Require(47) node_modules/egg-static/app.js",
    "start": 1609402493763,
    "end": 1609402493763,
    "duration": 0,
    "pid": 18824,
    "index": 57
  },
  {
    "name": "Require(48) node_modules/egg-mysql/app.js",
    "start": 1609402493764,
    "end": 1609402493779,
    "duration": 15,
    "pid": 18824,
    "index": 58
  },
  {
    "name": "Require(49) node_modules/egg-cors/app.js",
    "start": 1609402493779,
    "end": 1609402493780,
    "duration": 1,
    "pid": 18824,
    "index": 59
  },
  {
    "name": "Require(50) node_modules/egg-jwt/app.js",
    "start": 1609402493780,
    "end": 1609402493780,
    "duration": 0,
    "pid": 18824,
    "index": 60
  },
  {
    "name": "Before Start in node_modules/egg-watcher/lib/init.js:15:14",
    "start": 1609402493793,
    "end": 1609402494281,
    "duration": 488,
    "pid": 18824,
    "index": 61
  },
  {
    "name": "Before Start in node_modules/egg-mysql/lib/mysql.js:20:7",
    "start": 1609402493897,
    "end": 1609402494279,
    "duration": 382,
    "pid": 18824,
    "index": 62
  },
  {
    "name": "Load Service",
    "start": 1609402493897,
    "end": 1609402493905,
    "duration": 8,
    "pid": 18824,
    "index": 63
  },
  {
    "name": "Load \"service\" to Context",
    "start": 1609402493897,
    "end": 1609402493905,
    "duration": 8,
    "pid": 18824,
    "index": 64
  },
  {
    "name": "Load Middleware",
    "start": 1609402493905,
    "end": 1609402494174,
    "duration": 269,
    "pid": 18824,
    "index": 65
  },
  {
    "name": "Load \"middlewares\" to Application",
    "start": 1609402493905,
    "end": 1609402494157,
    "duration": 252,
    "pid": 18824,
    "index": 66
  },
  {
    "name": "Load Controller",
    "start": 1609402494174,
    "end": 1609402494254,
    "duration": 80,
    "pid": 18824,
    "index": 67
  },
  {
    "name": "Load \"controller\" to Application",
    "start": 1609402494174,
    "end": 1609402494254,
    "duration": 80,
    "pid": 18824,
    "index": 68
  },
  {
    "name": "Load Router",
    "start": 1609402494254,
    "end": 1609402494259,
    "duration": 5,
    "pid": 18824,
    "index": 69
  },
  {
    "name": "Require(51) app/router.js",
    "start": 1609402494254,
    "end": 1609402494255,
    "duration": 1,
    "pid": 18824,
    "index": 70
  },
  {
    "name": "Before Start in node_modules/egg-core/lib/egg.js:303:10",
    "start": 1609402494256,
    "end": 1609402494270,
    "duration": 14,
    "pid": 18824,
    "index": 71
  }
]