[
  {
    "name": "Process Start",
    "start": 1609404187305,
    "end": 1609404188516,
    "duration": 1211,
    "pid": 13536,
    "index": 0
  },
  {
    "name": "Application Start",
    "start": 1609404188517,
    "end": 1609404189289,
    "duration": 772,
    "pid": 13536,
    "index": 1
  },
  {
    "name": "Load Plugin",
    "start": 1609404188523,
    "end": 1609404188557,
    "duration": 34,
    "pid": 13536,
    "index": 2
  },
  {
    "name": "Load Config",
    "start": 1609404188557,
    "end": 1609404188589,
    "duration": 32,
    "pid": 13536,
    "index": 3
  },
  {
    "name": "Require(0) config/config.default.js",
    "start": 1609404188558,
    "end": 1609404188558,
    "duration": 0,
    "pid": 13536,
    "index": 4
  },
  {
    "name": "Require(1) node_modules/egg-session/config/config.default.js",
    "start": 1609404188560,
    "end": 1609404188561,
    "duration": 1,
    "pid": 13536,
    "index": 5
  },
  {
    "name": "Require(2) node_modules/egg-security/config/config.default.js",
    "start": 1609404188561,
    "end": 1609404188562,
    "duration": 1,
    "pid": 13536,
    "index": 6
  },
  {
    "name": "Require(3) node_modules/egg-jsonp/config/config.default.js",
    "start": 1609404188563,
    "end": 1609404188564,
    "duration": 1,
    "pid": 13536,
    "index": 7
  },
  {
    "name": "Require(4) node_modules/egg-onerror/config/config.default.js",
    "start": 1609404188564,
    "end": 1609404188565,
    "duration": 1,
    "pid": 13536,
    "index": 8
  },
  {
    "name": "Require(5) node_modules/egg-i18n/config/config.default.js",
    "start": 1609404188565,
    "end": 1609404188566,
    "duration": 1,
    "pid": 13536,
    "index": 9
  },
  {
    "name": "Require(6) node_modules/egg-watcher/config/config.default.js",
    "start": 1609404188567,
    "end": 1609404188567,
    "duration": 0,
    "pid": 13536,
    "index": 10
  },
  {
    "name": "Require(7) node_modules/egg-schedule/config/config.default.js",
    "start": 1609404188568,
    "end": 1609404188568,
    "duration": 0,
    "pid": 13536,
    "index": 11
  },
  {
    "name": "Require(8) node_modules/egg-multipart/config/config.default.js",
    "start": 1609404188569,
    "end": 1609404188570,
    "duration": 1,
    "pid": 13536,
    "index": 12
  },
  {
    "name": "Require(9) node_modules/egg-development/config/config.default.js",
    "start": 1609404188571,
    "end": 1609404188571,
    "duration": 0,
    "pid": 13536,
    "index": 13
  },
  {
    "name": "Require(10) node_modules/egg-logrotator/config/config.default.js",
    "start": 1609404188572,
    "end": 1609404188572,
    "duration": 0,
    "pid": 13536,
    "index": 14
  },
  {
    "name": "Require(11) node_modules/egg-static/config/config.default.js",
    "start": 1609404188573,
    "end": 1609404188574,
    "duration": 1,
    "pid": 13536,
    "index": 15
  },
  {
    "name": "Require(12) node_modules/egg-view/config/config.default.js",
    "start": 1609404188574,
    "end": 1609404188575,
    "duration": 1,
    "pid": 13536,
    "index": 16
  },
  {
    "name": "Require(13) node_modules/egg-mysql/config/config.default.js",
    "start": 1609404188575,
    "end": 1609404188576,
    "duration": 1,
    "pid": 13536,
    "index": 17
  },
  {
    "name": "Require(14) node_modules/egg-cors/config/config.default.js",
    "start": 1609404188577,
    "end": 1609404188577,
    "duration": 0,
    "pid": 13536,
    "index": 18
  },
  {
    "name": "Require(15) node_modules/egg-jwt/config/config.default.js",
    "start": 1609404188578,
    "end": 1609404188579,
    "duration": 1,
    "pid": 13536,
    "index": 19
  },
  {
    "name": "Require(16) node_modules/egg/config/config.default.js",
    "start": 1609404188579,
    "end": 1609404188580,
    "duration": 1,
    "pid": 13536,
    "index": 20
  },
  {
    "name": "Require(17) config/config.default.js",
    "start": 1609404188581,
    "end": 1609404188581,
    "duration": 0,
    "pid": 13536,
    "index": 21
  },
  {
    "name": "Require(18) node_modules/egg-security/config/config.local.js",
    "start": 1609404188582,
    "end": 1609404188582,
    "duration": 0,
    "pid": 13536,
    "index": 22
  },
  {
    "name": "Require(19) node_modules/egg-watcher/config/config.local.js",
    "start": 1609404188584,
    "end": 1609404188584,
    "duration": 0,
    "pid": 13536,
    "index": 23
  },
  {
    "name": "Require(20) node_modules/egg-view/config/config.local.js",
    "start": 1609404188587,
    "end": 1609404188587,
    "duration": 0,
    "pid": 13536,
    "index": 24
  },
  {
    "name": "Require(21) node_modules/egg/config/config.local.js",
    "start": 1609404188589,
    "end": 1609404188589,
    "duration": 0,
    "pid": 13536,
    "index": 25
  },
  {
    "name": "Load extend/application.js",
    "start": 1609404188590,
    "end": 1609404188672,
    "duration": 82,
    "pid": 13536,
    "index": 26
  },
  {
    "name": "Require(22) node_modules/egg-session/app/extend/application.js",
    "start": 1609404188591,
    "end": 1609404188591,
    "duration": 0,
    "pid": 13536,
    "index": 27
  },
  {
    "name": "Require(23) node_modules/egg-security/app/extend/application.js",
    "start": 1609404188592,
    "end": 1609404188594,
    "duration": 2,
    "pid": 13536,
    "index": 28
  },
  {
    "name": "Require(24) node_modules/egg-jsonp/app/extend/application.js",
    "start": 1609404188595,
    "end": 1609404188596,
    "duration": 1,
    "pid": 13536,
    "index": 29
  },
  {
    "name": "Require(25) node_modules/egg-logrotator/app/extend/application.js",
    "start": 1609404188599,
    "end": 1609404188609,
    "duration": 10,
    "pid": 13536,
    "index": 30
  },
  {
    "name": "Require(26) node_modules/egg-view/app/extend/application.js",
    "start": 1609404188610,
    "end": 1609404188612,
    "duration": 2,
    "pid": 13536,
    "index": 31
  },
  {
    "name": "Require(27) node_modules/egg-jwt/app/extend/application.js",
    "start": 1609404188613,
    "end": 1609404188665,
    "duration": 52,
    "pid": 13536,
    "index": 32
  },
  {
    "name": "Load extend/request.js",
    "start": 1609404188672,
    "end": 1609404188685,
    "duration": 13,
    "pid": 13536,
    "index": 33
  },
  {
    "name": "Require(28) node_modules/egg/app/extend/request.js",
    "start": 1609404188678,
    "end": 1609404188679,
    "duration": 1,
    "pid": 13536,
    "index": 34
  },
  {
    "name": "Load extend/response.js",
    "start": 1609404188685,
    "end": 1609404188703,
    "duration": 18,
    "pid": 13536,
    "index": 35
  },
  {
    "name": "Require(29) node_modules/egg/app/extend/response.js",
    "start": 1609404188691,
    "end": 1609404188695,
    "duration": 4,
    "pid": 13536,
    "index": 36
  },
  {
    "name": "Load extend/context.js",
    "start": 1609404188703,
    "end": 1609404188788,
    "duration": 85,
    "pid": 13536,
    "index": 37
  },
  {
    "name": "Require(30) node_modules/egg-security/app/extend/context.js",
    "start": 1609404188704,
    "end": 1609404188723,
    "duration": 19,
    "pid": 13536,
    "index": 38
  },
  {
    "name": "Require(31) node_modules/egg-jsonp/app/extend/context.js",
    "start": 1609404188724,
    "end": 1609404188725,
    "duration": 1,
    "pid": 13536,
    "index": 39
  },
  {
    "name": "Require(32) node_modules/egg-i18n/app/extend/context.js",
    "start": 1609404188726,
    "end": 1609404188727,
    "duration": 1,
    "pid": 13536,
    "index": 40
  },
  {
    "name": "Require(33) node_modules/egg-multipart/app/extend/context.js",
    "start": 1609404188728,
    "end": 1609404188777,
    "duration": 49,
    "pid": 13536,
    "index": 41
  },
  {
    "name": "Require(34) node_modules/egg-view/app/extend/context.js",
    "start": 1609404188779,
    "end": 1609404188780,
    "duration": 1,
    "pid": 13536,
    "index": 42
  },
  {
    "name": "Require(35) node_modules/egg/app/extend/context.js",
    "start": 1609404188781,
    "end": 1609404188782,
    "duration": 1,
    "pid": 13536,
    "index": 43
  },
  {
    "name": "Load extend/helper.js",
    "start": 1609404188788,
    "end": 1609404188823,
    "duration": 35,
    "pid": 13536,
    "index": 44
  },
  {
    "name": "Require(36) node_modules/egg-security/app/extend/helper.js",
    "start": 1609404188789,
    "end": 1609404188809,
    "duration": 20,
    "pid": 13536,
    "index": 45
  },
  {
    "name": "Require(37) node_modules/egg/app/extend/helper.js",
    "start": 1609404188814,
    "end": 1609404188814,
    "duration": 0,
    "pid": 13536,
    "index": 46
  },
  {
    "name": "Load app.js",
    "start": 1609404188823,
    "end": 1609404188900,
    "duration": 77,
    "pid": 13536,
    "index": 47
  },
  {
    "name": "Require(38) node_modules/egg-session/app.js",
    "start": 1609404188824,
    "end": 1609404188824,
    "duration": 0,
    "pid": 13536,
    "index": 48
  },
  {
    "name": "Require(39) node_modules/egg-security/app.js",
    "start": 1609404188825,
    "end": 1609404188827,
    "duration": 2,
    "pid": 13536,
    "index": 49
  },
  {
    "name": "Require(40) node_modules/egg-onerror/app.js",
    "start": 1609404188828,
    "end": 1609404188844,
    "duration": 16,
    "pid": 13536,
    "index": 50
  },
  {
    "name": "Require(41) node_modules/egg-i18n/app.js",
    "start": 1609404188845,
    "end": 1609404188865,
    "duration": 20,
    "pid": 13536,
    "index": 51
  },
  {
    "name": "Require(42) node_modules/egg-watcher/app.js",
    "start": 1609404188865,
    "end": 1609404188871,
    "duration": 6,
    "pid": 13536,
    "index": 52
  },
  {
    "name": "Require(43) node_modules/egg-schedule/app.js",
    "start": 1609404188872,
    "end": 1609404188875,
    "duration": 3,
    "pid": 13536,
    "index": 53
  },
  {
    "name": "Require(44) node_modules/egg-multipart/app.js",
    "start": 1609404188876,
    "end": 1609404188877,
    "duration": 1,
    "pid": 13536,
    "index": 54
  },
  {
    "name": "Require(45) node_modules/egg-development/app.js",
    "start": 1609404188877,
    "end": 1609404188877,
    "duration": 0,
    "pid": 13536,
    "index": 55
  },
  {
    "name": "Require(46) node_modules/egg-logrotator/app.js",
    "start": 1609404188878,
    "end": 1609404188878,
    "duration": 0,
    "pid": 13536,
    "index": 56
  },
  {
    "name": "Require(47) node_modules/egg-static/app.js",
    "start": 1609404188879,
    "end": 1609404188879,
    "duration": 0,
    "pid": 13536,
    "index": 57
  },
  {
    "name": "Require(48) node_modules/egg-mysql/app.js",
    "start": 1609404188881,
    "end": 1609404188896,
    "duration": 15,
    "pid": 13536,
    "index": 58
  },
  {
    "name": "Require(49) node_modules/egg-cors/app.js",
    "start": 1609404188897,
    "end": 1609404188897,
    "duration": 0,
    "pid": 13536,
    "index": 59
  },
  {
    "name": "Require(50) node_modules/egg-jwt/app.js",
    "start": 1609404188898,
    "end": 1609404188898,
    "duration": 0,
    "pid": 13536,
    "index": 60
  },
  {
    "name": "Before Start in node_modules/egg-watcher/lib/init.js:15:14",
    "start": 1609404188914,
    "end": 1609404189288,
    "duration": 374,
    "pid": 13536,
    "index": 61
  },
  {
    "name": "Before Start in node_modules/egg-mysql/lib/mysql.js:20:7",
    "start": 1609404189019,
    "end": 1609404189289,
    "duration": 270,
    "pid": 13536,
    "index": 62
  },
  {
    "name": "Load Service",
    "start": 1609404189020,
    "end": 1609404189030,
    "duration": 10,
    "pid": 13536,
    "index": 63
  },
  {
    "name": "Load \"service\" to Context",
    "start": 1609404189020,
    "end": 1609404189030,
    "duration": 10,
    "pid": 13536,
    "index": 64
  },
  {
    "name": "Load Middleware",
    "start": 1609404189030,
    "end": 1609404189200,
    "duration": 170,
    "pid": 13536,
    "index": 65
  },
  {
    "name": "Load \"middlewares\" to Application",
    "start": 1609404189030,
    "end": 1609404189188,
    "duration": 158,
    "pid": 13536,
    "index": 66
  },
  {
    "name": "Load Controller",
    "start": 1609404189200,
    "end": 1609404189262,
    "duration": 62,
    "pid": 13536,
    "index": 67
  },
  {
    "name": "Load \"controller\" to Application",
    "start": 1609404189200,
    "end": 1609404189262,
    "duration": 62,
    "pid": 13536,
    "index": 68
  },
  {
    "name": "Load Router",
    "start": 1609404189262,
    "end": 1609404189267,
    "duration": 5,
    "pid": 13536,
    "index": 69
  },
  {
    "name": "Require(51) app/router.js",
    "start": 1609404189263,
    "end": 1609404189263,
    "duration": 0,
    "pid": 13536,
    "index": 70
  },
  {
    "name": "Before Start in node_modules/egg-core/lib/egg.js:303:10",
    "start": 1609404189264,
    "end": 1609404189278,
    "duration": 14,
    "pid": 13536,
    "index": 71
  }
]